,repo,ci_state
0,thorwhalen/plunk,False
74,i2mint/s3dol,False
148,i2mint/xdol,False
150,i2mint/taped,False
70,i2mint/chromadol,False
69,i2mint/sshdol,False
151,i2mint/linked,False
65,i2mint/hear,False
64,i2mint/sqldol,False
154,i2mint/odbcdol,False
75,i2mint/opyratorfront,False
62,i2mint/dexis,False
119,i2mint/tabled,False
59,thorwhalen/aix,False
57,thorwhalen/vax,False
157,i2mint/jy,False
158,i2mint/cw,False
54,thorwhalen/viral,False
159,i2mint/umpyre,False
52,thorwhalen/mood,False
51,thorwhalen/sheet,False
61,thorwhalen/laugh,False
77,i2mint/ftpdol,False
78,i2mint/slink,False
81,i2mint/git2py,False
118,i2mint/linkup,False
123,i2mint/ohmic,False
114,i2mint/viable,False
126,i2mint/doodad,False
109,i2mint/pydrivedol,False
129,i2mint/py2json,False
133,i2mint/videostream2py,False
103,i2mint/redisdol,False
102,i2mint/fitted,False
101,i2mint/pyckup,False
100,i2mint/test2doc,False
99,i2mint/forged,False
135,i2mint/py2http,False
95,i2mint/dashfront,False
137,i2mint/plcstream2py,False
139,i2mint/pdfdol,False
141,i2mint/creek,False
86,i2mint/audiostream2py,False
84,i2mint/i2i_scrap,False
83,i2mint/arangodol,False
82,i2mint/kafkaposted,False
50,thorwhalen/funds,False
160,i2mint/py2mqtt,False
121,i2mint/udos,False
161,i2mint/couchdol,False
23,thorwhalen/py2api,False
22,thorwhalen/hedger,False
21,thorwhalen/newsmood,False
20,thorwhalen/scraped,False
48,thorwhalen/moji,False
18,thorwhalen/hired,False
17,thorwhalen/garble,False
16,thorwhalen/brand,False
15,thorwhalen/sonification,False
26,thorwhalen/contaix,False
14,thorwhalen/scoopy,False
11,thorwhalen/tonal,False
10,thorwhalen/hm,False
9,thorwhalen/owner,False
7,thorwhalen/learny,False
6,thorwhalen/dn,False
5,thorwhalen/mixing,False
4,thorwhalen/wealth,False
2,thorwhalen/nbdol,False
1,thorwhalen/yp,False
169,i2mint/aiofiledol,False
28,thorwhalen/su,False
19,thorwhalen/theremin,False
29,thorwhalen/manual,False
44,thorwhalen/imbed,False
43,thorwhalen/ef,False
42,thorwhalen/mv,False
41,thorwhalen/pipoke,False
40,thorwhalen/hg,False
39,thorwhalen/guise,False
37,thorwhalen/saying,False
36,thorwhalen/spyn,False
35,thorwhalen/idiom,False
164,i2mint/atypes,False
33,thorwhalen/likert,False
38,thorwhalen/aw_agents,False
30,thorwhalen/voxy,False
162,i2mint/i2,True
122,i2mint/py2api,True
163,i2mint/keyboardstream2py,True
124,i2mint/dynamodol,True
172,i2mint/mongodol,True
125,i2mint/zu,True
167,i2mint/isee,True
127,i2mint/verb,True
128,i2mint/azuredol,True
147,i2mint/au,True
168,i2mint/i2mint,True
130,i2mint/vd,True
131,i2mint/dol_cookbook,True
132,i2mint/http2py,True
144,i2mint/ho,True
143,i2mint/trait,True
146,i2mint/epythet,True
156,i2mint/know,True
145,i2mint/dol,True
170,i2mint/unbox,True
134,i2mint/extrude,True
149,i2mint/oui_notebook,True
136,i2mint/poclab,True
166,i2mint/front,True
165,i2mint/on,True
138,i2mint/examples,True
152,i2mint/py2dash,True
140,i2mint/splatter,True
153,i2mint/http2js,True
142,i2mint/c2py,True
171,i2mint/crude,True
155,i2mint/strand,True
87,i2mint/tested,True
117,i2mint/rh,True
71,i2mint/meshed,True
68,i2mint/py2misc,True
67,i2mint/peruse,True
66,i2mint/titbit,True
63,i2mint/flaskstream2py,True
60,thorwhalen/hum,True
58,thorwhalen/loopyng,True
56,thorwhalen/msword,True
55,thorwhalen/xv,True
53,thorwhalen/graze,True
49,thorwhalen/haggle,True
47,thorwhalen/lexis,True
46,thorwhalen/sung,True
45,thorwhalen/oa,True
34,thorwhalen/grub,True
32,thorwhalen/owned,True
31,thorwhalen/hubcap,True
25,thorwhalen/astate,True
24,thorwhalen/kroki,True
13,thorwhalen/hfdol,True
12,thorwhalen/aw,True
8,thorwhalen/allude,True
3,thorwhalen/ug,True
72,i2mint/config2py,True
120,i2mint/replize,True
73,i2mint/dagapp,True
79,i2mint/odat,True
116,i2mint/lined,True
115,i2mint/posted,True
113,i2mint/py2c,True
112,i2mint/ooq,True
111,i2mint/recode,True
110,i2mint/wads,True
108,i2mint/qh,True
107,i2mint/content,True
106,i2mint/qo,True
105,i2mint/redisposted,True
104,i2mint/public_discussions,True
98,i2mint/dropboxdol,True
97,i2mint/focal,True
96,i2mint/ju,True
94,i2mint/py2store,True
92,i2mint/oplot,True
91,i2mint/embody,True
90,i2mint/lkj,True
89,i2mint/shaded,True
88,i2mint/pchealthstream2py,True
173,i2mint/hum,True
85,i2mint/larder,True
80,i2mint/oui,True
76,i2mint/streamlitfront,True
174,i2mint/dacc,True
27,thorwhalen/ps,
93,i2mint/stream2py,
